{"stat.useItem.minecraft.string":1,"stat.craftItem.minecraft.leather_leggings":2,"stat.useItem.minecraft.bow":17,"stat.useItem.minecraft.painting":663,"stat.leaveGame":35,"stat.useItem.minecraft.log2":1106,"stat.useItem.minecraft.bookshelf":13,"stat.useItem.minecraft.skull":3,"stat.pickup.minecraft.leather_chestplate":2,"stat.useItem.minecraft.diamond_sword":53,"stat.pickup.minecraft.flower_pot":2,"stat.swimOneCm":7192,"stat.pickup.minecraft.porkchop":2,"stat.pickup.minecraft.glass":3,"stat.useItem.minecraft.redstone_torch":5,"stat.useItem.minecraft.obsidian":31,"stat.pickup.minecraft.bow":5,"achievement.exploreAllBiomes":{"value":0,"progress":["Plains","Hell"]},"stat.useItem.minecraft.water_bucket":34,"stat.pickup.minecraft.rotten_flesh":1,"stat.pickup.minecraft.enchanting_table":2,"stat.pickup.minecraft.leather_boots":2,"stat.flyOneCm":923354,"stat.timeSinceDeath":97239,"stat.useItem.minecraft.sign":50,"stat.useItem.minecraft.spawn_egg":5,"stat.useItem.minecraft.wooden_slab":12,"stat.pickup.minecraft.mutton":60,"stat.pickup.minecraft.cake":3,"stat.pickup.minecraft.wooden_axe":3,"stat.pickup.minecraft.stonebrick":6,"stat.pickup.minecraft.trapdoor":1,"stat.useItem.minecraft.armor_stand":2,"stat.drop.minecraft.spawn_egg":1,"stat.craftItem.minecraft.leather_helmet":1,"stat.useItem.minecraft.milk_bucket":1,"achievement.mineWood":3,"stat.useItem.minecraft.spruce_fence":18,"stat.pickup.minecraft.leather_helmet":2,"stat.pickup.minecraft.cauldron":2,"stat.useItem.minecraft.trapdoor":2,"stat.sprintOneCm":644161,"stat.useItem.minecraft.stained_glass":13,"stat.useItem.minecraft.fence":28,"stat.pickup.minecraft.skull":2,"stat.drop.minecraft.potion":1,"stat.useItem.minecraft.stone_slab":15,"achievement.openInventory":238,"stat.pickup.minecraft.potion":2,"stat.pickup.minecraft.fireworks":120,"stat.useItem.minecraft.cauldron":10,"stat.useItem.minecraft.snowball":5,"stat.useItem.minecraft.flint_and_steel":2,"stat.useItem.minecraft.stone_pressure_plate":1,"stat.drop.minecraft.fireworks":56,"stat.killEntity.Endermite":1,"stat.drop.minecraft.cauldron":1,"stat.pickup.minecraft.emerald":64,"stat.pickup.minecraft.leather_leggings":2,"stat.pickup.minecraft.spawn_egg":3,"stat.deaths":23,"stat.drop":23,"stat.playOneMinute":1845976,"stat.craftItem.minecraft.leather_chestplate":2,"stat.killEntity.Sheep":37,"stat.pickup.minecraft.snowball":2,"stat.diveOneCm":1708,"stat.pickup.minecraft.cooked_mutton":5,"stat.chestOpened":3,"stat.pickup.minecraft.sign":3,"stat.useItem.minecraft.stone":12,"stat.pickup.minecraft.arrow":65,"stat.pickup.minecraft.iron_sword":3,"stat.pickup.minecraft.wooden_pressure_plate":1,"stat.useItem.minecraft.heavy_weighted_pressure_plate":4,"stat.useItem.minecraft.potion":23,"stat.pickup.minecraft.stone_brick_stairs":2,"stat.pickup.minecraft.diamond_sword":4,"stat.useItem.minecraft.flower_pot":4,"stat.jump":1734,"stat.useItem.minecraft.iron_trapdoor":67,"stat.fallOneCm":11479,"stat.drop.minecraft.stone":1,"stat.drop.minecraft.diamond_sword":1,"stat.crouchOneCm":28319,"stat.drop.minecraft.book":1,"stat.pickup.minecraft.painting":28,"stat.craftingTableInteraction":2,"stat.useItem.minecraft.glass":92,"stat.pickup.minecraft.heavy_weighted_pressure_plate":14,"stat.useItem.minecraft.redstone_lamp":43,"stat.damageTaken":2282,"stat.useItem.minecraft.stone_brick_stairs":183,"stat.drop.minecraft.water_bucket":2,"stat.pickup.minecraft.log2":3,"stat.pickup.minecraft.dye":62,"stat.useItem.minecraft.enchanting_table":1,"stat.damageDealt":3246,"stat.useItem.minecraft.wool":2,"stat.useItem.minecraft.crafting_table":3,"stat.killEntity.Pig":1,"stat.flowerPotted":1,"stat.pickup.minecraft.flint_and_steel":1,"stat.drop.minecraft.painting":1,"stat.walkOneCm":670393,"stat.useItem.minecraft.torch":89,"stat.playerKills":5,"stat.useItem.minecraft.chest":1,"stat.pickup.minecraft.crafting_table":64,"stat.useItem.minecraft.tnt":1,"stat.useItem.minecraft.cobblestone":1,"stat.craftItem.minecraft.leather_boots":2,"stat.useItem.minecraft.lava_bucket":18,"stat.drop.minecraft.sign":1,"stat.drop.minecraft.stonebrick":1,"stat.useItem.minecraft.redstone_block":44,"stat.pickup.minecraft.tnt":1,"stat.pickup.minecraft.web":3,"stat.pickup.minecraft.stone":2,"stat.drop.minecraft.emerald":64,"stat.drop.minecraft.bow":1,"stat.pickup.minecraft.barrier":1,"stat.useItem.minecraft.iron_sword":59,"stat.useItem.minecraft.barrier":5,"stat.drop.minecraft.crafting_table":64,"stat.useItem.minecraft.wooden_pressure_plate":1,"stat.mobKills":45,"stat.useItem.minecraft.stonebrick":1741,"stat.pickup.minecraft.book":2,"stat.useItem.minecraft.wooden_door":25,"stat.pickup.minecraft.water_bucket":1,"stat.pickup.minecraft.torch":15,"stat.sneakTime":16547,"stat.pickup.minecraft.wool":48,"stat.useItem.minecraft.wooden_axe":6,"stat.pickup.minecraft.chest":6,"stat.useItem.minecraft.web":4}