{"stat.useItem.minecraft.bow":26,"stat.drop.minecraft.mutton":3,"stat.pickup.minecraft.bone":3,"stat.useItem.minecraft.painting":32,"stat.leaveGame":27,"stat.useItem.minecraft.log2":52,"stat.pickup.minecraft.deadbush":1,"stat.useItem.minecraft.skull":6,"stat.useItem.minecraft.diamond_sword":1,"stat.pickup.minecraft.flower_pot":1,"stat.useItem.minecraft.glowstone":11,"stat.drop.minecraft.trapdoor":2,"stat.swimOneCm":1436,"stat.drop.minecraft.skull":1,"stat.pickup.minecraft.glass":8,"stat.pickup.minecraft.bow":3,"achievement.exploreAllBiomes":{"value":0,"progress":["Plains","Hell"]},"stat.useItem.minecraft.water_bucket":17,"stat.drop.minecraft.web":5,"stat.pickup.minecraft.anvil":1,"stat.aviateOneCm":211111,"stat.useItem.minecraft.anvil":12,"stat.flyOneCm":626992,"stat.drop.minecraft.tnt":2,"stat.timeSinceDeath":31586,"stat.useItem.minecraft.spawn_egg":141,"stat.pickup.minecraft.mutton":28,"stat.pickup.minecraft.armor_stand":1,"stat.pickup.minecraft.cake":4,"stat.pickup.minecraft.stonebrick":4,"stat.drop.minecraft.flint_and_steel":1,"stat.pickup.minecraft.trapdoor":2,"stat.pickup.minecraft.wooden_button":1,"stat.drop.minecraft.spawn_egg":2,"stat.useItem.minecraft.milk_bucket":15,"stat.drop.minecraft.obsidian":1,"stat.drop.minecraft.anvil":1,"achievement.mineWood":3,"stat.pickup.minecraft.cauldron":2,"stat.sprintOneCm":278907,"stat.useItem.minecraft.fence":2,"stat.pickup.minecraft.skull":2,"achievement.openInventory":222,"stat.pickup.minecraft.potion":1,"stat.pickup.minecraft.fireworks":362,"stat.useItem.minecraft.cauldron":2,"stat.mineBlock.minecraft.fence":2,"stat.useItem.minecraft.wooden_button":1,"stat.drop.minecraft.fireworks":181,"stat.drop.minecraft.cauldron":2,"stat.pickup.minecraft.spawn_egg":5,"stat.deaths":27,"stat.drop":175,"stat.playOneMinute":596057,"stat.useItem.minecraft.cake":36,"stat.killEntity.Zombie":1,"stat.drop.minecraft.chest":6,"stat.drop.minecraft.torch":6,"stat.chestOpened":22,"stat.pickup.minecraft.sign":1,"stat.useItem.minecraft.stone":29,"stat.pickup.minecraft.arrow":61,"stat.pickup.minecraft.iron_sword":1,"stat.pickup.minecraft.obsidian":1,"stat.useItem.minecraft.potion":7,"stat.pickup.minecraft.stone_brick_stairs":2,"stat.pickup.minecraft.diamond_sword":2,"stat.jump":1106,"stat.pickup.minecraft.fence":2,"stat.fallOneCm":36851,"stat.drop.minecraft.stone":2,"stat.drop.minecraft.dye":1,"stat.drop.minecraft.diamond_sword":2,"stat.crouchOneCm":86379,"stat.pickup.minecraft.painting":30,"stat.drop.minecraft.glass":4,"stat.craftingTableInteraction":12,"stat.useItem.minecraft.glass":7,"stat.mineBlock.minecraft.log2":2,"stat.damageTaken":7346,"stat.useItem.minecraft.stone_brick_stairs":1,"stat.pickup.minecraft.log2":3,"stat.pickup.minecraft.lead":1,"stat.damageDealt":576,"stat.useItem.minecraft.wool":33,"stat.useItem.minecraft.crafting_table":4,"stat.useItem.minecraft.iron_bars":40,"stat.useItem.minecraft.command_block":1,"stat.pickup.minecraft.flint_and_steel":1,"stat.drop.minecraft.painting":10,"stat.walkOneCm":408210,"stat.useItem.minecraft.torch":1,"stat.useItem.minecraft.chest":3,"stat.playerKills":2,"stat.drop.minecraft.stone_brick_stairs":2,"stat.drop.minecraft.sign":1,"stat.drop.minecraft.stonebrick":3,"stat.pickup.minecraft.tnt":2,"stat.pickup.minecraft.web":4,"stat.pickup.minecraft.stone":2,"stat.useItem.minecraft.fireworks":1849,"stat.useItem.minecraft.netherrack":15,"stat.killEntity.Skeleton":2,"stat.pickup.minecraft.barrier":1,"stat.useItem.minecraft.iron_sword":1,"stat.useItem.minecraft.barrier":3,"stat.mobKills":16,"stat.useItem.minecraft.stonebrick":55,"stat.pickup.minecraft.diamond_boots":4,"stat.pickup.minecraft.water_bucket":2,"stat.drop.minecraft.cake":7,"stat.pickup.minecraft.torch":12,"stat.sneakTime":29250,"stat.pickup.minecraft.wool":22,"stat.pickup.minecraft.elytra":3,"stat.pickup.minecraft.chest":9}