{"stat.flyOneCm":6113,"stat.useItem.minecraft.boat":1,"stat.deaths":2,"stat.useItem.minecraft.red_flower":1,"stat.walkOneCm":6260,"stat.boatOneCm":4747,"stat.jump":6,"stat.useItem.minecraft.minecart":1,"stat.playOneMinute":11303,"achievement.openInventory":6,"stat.leaveGame":1,"stat.sneakTime":23,"stat.damageTaken":480,"stat.crouchOneCm":71,"stat.timeSinceDeath":11057,"stat.useItem.minecraft.rail":1,"stat.useItem.minecraft.dirt":1,"stat.sprintOneCm":6077,"stat.useItem.minecraft.stonebrick":1,"achievement.exploreAllBiomes":{"value":0,"progress":["Plains"]},"stat.useItem.minecraft.armor_stand":3,"stat.minecartOneCm":410}